{"cameraMode":{"drawMode":0,"name":"Shaded","section":"Shading Mode"},"sceneLighting":true,"audioPlay":false,"sceneViewState":{"showFog":true,"showMaterialUpdate":false,"showSkybox":true,"showFlares":true,"showImageEffects":true,"showParticleSystems":true},"in2DMode":false,"pivot":{"x":-1.6648809909820557,"y":0.43876218795776369,"z":-2.16941499710083},"rotation":{"x":-0.034227728843688968,"y":0.9515445232391357,"z":-0.11503547430038452,"w":-0.2831232249736786},"size":3.493335723876953,"orthographic":false}