{"cameraMode":{"drawMode":0,"name":"Shaded","section":"Shading Mode"},"sceneLighting":true,"audioPlay":false,"sceneViewState":{"showFog":true,"showMaterialUpdate":false,"showSkybox":true,"showFlares":true,"showImageEffects":true,"showParticleSystems":true},"in2DMode":false,"pivot":{"x":-17.157211303710939,"y":1.0693674087524415,"z":0.5220146179199219},"rotation":{"x":0.29629290103912356,"y":-0.022919518873095514,"z":0.007112391293048859,"w":0.9547958374023438},"size":12.622248649597168,"orthographic":false}