{"cameraMode":{"drawMode":0,"name":"Shaded","section":"Shading Mode"},"sceneLighting":true,"audioPlay":false,"sceneViewState":{"showFog":true,"showMaterialUpdate":false,"showSkybox":true,"showFlares":true,"showImageEffects":true,"showParticleSystems":true},"in2DMode":false,"pivot":{"x":-6.791938304901123,"y":5.544023513793945,"z":0.19084739685058595},"rotation":{"x":0.5588487982749939,"y":0.028596390038728715,"z":-0.019287938252091409,"w":0.8285519480705261},"size":14.997028350830079,"orthographic":false}