{"cameraMode":{"drawMode":0,"name":"Shaded","section":"Shading Mode"},"sceneLighting":true,"audioPlay":false,"sceneViewState":{"showFog":true,"showMaterialUpdate":false,"showSkybox":true,"showFlares":true,"showImageEffects":true,"showParticleSystems":true},"in2DMode":false,"pivot":{"x":-4.005444526672363,"y":0.3130455017089844,"z":-0.17756223678588868},"rotation":{"x":0.3963899612426758,"y":0.0714971125125885,"z":-0.030981257557868959,"w":0.9147698879241943},"size":3.032365322113037,"orthographic":false}