{"cameraMode":{"drawMode":0,"name":"Shaded","section":"Shading Mode"},"sceneLighting":true,"audioPlay":false,"sceneViewState":{"showFog":true,"showMaterialUpdate":false,"showSkybox":true,"showFlares":true,"showImageEffects":true,"showParticleSystems":true},"in2DMode":false,"pivot":{"x":-3.1286003589630129,"y":3.063840866088867,"z":-3.843271255493164},"rotation":{"x":0.3963899612426758,"y":0.0714971125125885,"z":-0.030981257557868959,"w":0.9147698879241943},"size":10.723983764648438,"orthographic":false}